iteration,ip_stored_determinants,olsen_stored_determinants,ip_stored_wavefunction_entries,olsen_stored_wavefunction_entries,ip_wall_seconds,ip_olsen_wall_seconds,olsen_extra_wall_seconds,olsen_relative_overhead,ip_report_seconds,ip_olsen_report_seconds,ip_variational_energy,ip_olsen_variational_energy,ip_corrected_energy,ip_olsen_corrected_energy
10000,598226,598226,241089425,241089425,63.205092717,66.516360055,3.3112673380000075,0.05238924896172789,5.93e-06,0.26288673100000004,-75.73146913473073,-75.73146913473079,-75.73190158875441,-75.73193074775583
20000,1209981,1209981,373728376,373728376,124.887721906,131.387622875,6.499900969000009,0.05204595671856621,6.57e-06,0.546413973,-75.7317416346375,-75.73174163463752,-75.73193419937404,-75.73194834408284
30000,1821816,1821816,475160631,475160631,186.121611639,195.470265722,9.348654082999985,0.05022874023427521,1.86e-06,0.818895194,-75.73182882960378,-75.73182882960378,-75.73194444420548,-75.73195358156943
40000,2432508,2432521,558312717,558355655,246.922205737,259.888441967,12.966236229999993,0.05251142233765114,5.59e-06,1.100508144,-75.73186998595605,-75.7318699913447,-75.73194942254676,-75.73195591711966
50000,3042964,3043007,628663318,628670016,306.799034975,324.608435329,17.80940035399999,0.05804907553066853,1.79e-06,1.319074188,-75.73189325956261,-75.73189325324446,-75.73195226340249,-75.73195720065749
60000,3653941,3653861,688994083,689007826,366.695027616,388.676630618,21.981603001999986,0.05994518972594016,1.58e-06,1.616701872,-75.73190798044996,-75.73190798450824,-75.7319540297362,-75.73195798204023
70000,4264658,4264835,741570653,741586253,426.728269237,453.130984002,26.402714764999985,0.06187242952572289,1.76e-06,1.91517453,-75.73191801965805,-75.73191801324778,-75.7319552354741,-75.73195848550036
80000,4875485,4875402,788220840,788175178,486.152771731,517.615348143,31.462576412000033,0.06471746792674676,6.62e-06,2.139044289,-75.73192523304212,-75.73192522959808,-75.73195609927757,-75.73195884543026
90000,5486050,5486111,829391423,829393589,545.346559314,582.551126788,37.20456747399999,0.06822187990110398,1.78e-06,2.396684749,-75.73193064027424,-75.73193063668707,-75.73195675853884,-75.73195911765491
100000,6096795,6096777,866062698,866078878,604.797866004,648.349750536,43.55188453200003,0.07201064517597354,1.56e-06,2.713646355,-75.73193480994668,-75.731934810963,-75.73195725696343,-75.73195931650794
110000,6707153,6707056,898808152,898794735,664.35355404,713.629735155,49.2761811150001,0.07417162264783074,1.49e-06,2.955211841,-75.73193811533385,-75.73193811506532,-75.73195765431323,-75.73195947315678
120000,7317001,7317005,928064019,928047247,723.643098814,779.221774007,55.57867519299998,0.0768039870539628,1.84e-06,3.301289409,-75.73194078485828,-75.73194078335506,-75.73195798279943,-75.73195959992196
130000,7927110,7926900,954557521,954591549,782.815070842,845.018971185,62.2039003430001,0.07946180734115564,1.64e-06,3.517265416,-75.73194297288364,-75.73194297535149,-75.73195824482104,-75.73195969979602
140000,8536844,8536935,978509902,978507385,841.938869898,911.128990529,69.19012063100001,0.08217950626199538,1.9e-06,3.774669335,-75.73194479762357,-75.73194479646627,-75.7319584680976,-75.73195977913862
150000,9146460,9146231,1000258382,1000260050,901.218333389,977.250038775,76.031705386,0.08436546680101972,1.72e-06,3.942806313,-75.73194633801843,-75.73194633951945,-75.73195865581792,-75.73195985119706
160000,9756404,9756324,1019901756,1019896913,960.018035274,1043.652461938,83.63442666399999,0.08711755778643239,1.387e-05,4.303236751,-75.73194764573743,-75.73194764543541,-75.73195881406232,-75.73195990781606
170000,10366011,10365835,1037703630,1037724493,1018.738955127,1110.330039174,91.59108404699987,0.08990633330162756,1.85e-06,4.616207894,-75.73194877274578,-75.73194877347954,-75.73195895147315,-75.73195995695393
180000,10975931,10975736,1053894071,1053864158,1077.520519236,1177.224130983,99.70361174699997,0.0925305921948413,1.63e-06,4.962860519,-75.73194975070902,-75.73194975034434,-75.73195906908263,-75.73195999874685
190000,11585285,11585026,1068422109,1068415446,1136.437500525,1244.354411621,107.91691109600015,0.09496070927450545,1.57e-06,5.140764977,-75.73195060397317,-75.73195060493896,-75.73195917326132,-75.73196003636875
200000,12194456,12194514,1081423088,1081415598,1194.996008618,1313.181859694,118.18585107600006,0.09890062412231881,1.91e-06,5.412945702,-75.73195135676174,-75.73195135605789,-75.73195926630419,-75.73196006796212
210000,12803709,12803427,1093048276,1093032206,1253.285821144,1380.370731327,127.08491018299992,0.10140137871104034,1.491e-06,5.748059504,-75.73195202121637,-75.73195202165702,-75.73195934774441,-75.73196009714749
220000,13412377,13412314,1103585366,1103576120,1311.446313347,1447.823240326,136.37692697900002,0.10398971394486325,1.56e-06,5.928796322,-75.7319526152419,-75.73195261473714,-75.73195942197783,-75.73196012189398
230000,14021003,14020785,1113066326,1113089548,1369.932509005,1515.451160216,145.51865121100013,0.10622322651259093,2.01e-06,6.237152688,-75.73195314482344,-75.73195314558154,-75.73195948717033,-75.73196014451666
240000,14629641,14629530,1121732709,1121720695,1428.316216535,1583.377611741,155.06139520600004,0.1085623711408729,1.63e-06,6.561567574,-75.7319536207388,-75.73195362053703,-75.73195954627549,-75.73196016380646
250000,15237871,15237731,1129548832,1129534054,1486.491485642,1651.37534898,164.88386333799986,0.11092149866353809,1.78e-06,6.688053047,-75.73195405067437,-75.731954050227,-75.731959600481,-75.73196018193678
260000,15846323,15846306,1136712234,1136698966,1544.603012569,1719.651228985,175.04821641600006,0.11332893629726776,1.94e-06,6.966434525,-75.73195443884653,-75.73195443848812,-75.73195964839095,-75.73196019781302
270000,16454512,16454568,1143225933,1143233712,1602.586145298,1788.083927971,185.49778267300007,0.11574902429878854,1.609e-06,7.188829129,-75.73195479103904,-75.73195479086245,-75.73195969236313,-75.73196021183819
280000,17062700,17062517,1149254322,1149246042,1660.80772533,1857.265741744,196.45801641399999,0.11829064461689211,1.68e-06,7.492046569,-75.73195511182283,-75.7319551118292,-75.73195973255689,-75.73196022532241
290000,17670590,17670808,1154818725,1154811720,1719.079207743,1926.371127612,207.2919198689999,0.1205831115490926,1.879e-06,7.703027886,-75.7319554057274,-75.73195540497517,-75.73195976958208,-75.73196023643328
300000,18278541,18278515,1159891849,1159893436,1777.135916711,1995.683532783,218.54761607199998,0.12297743465591128,1.5451e-05,8.02695886,-75.7319556744166,-75.73195567403614,-75.73195980347835,-75.73196024728223
310000,18885847,18885820,1164529601,1164526981,1834.998811095,2065.240047036,230.2412359409998,0.12547214447708976,1.8e-06,8.296484712,-75.73195592138805,-75.73195592131003,-75.73195983476607,-75.73196025768978
320000,19493910,19493333,1168772696,1168773538,1893.003574991,2135.151428189,242.1478531979999,0.12791727199942088,1.63e-06,8.586178339,-75.73195614901329,-75.7319561493629,-75.73195986326192,-75.73196026699699
330000,20101174,20101162,1172662350,1172657980,1951.152189151,2205.394384139,254.24219498800016,0.1303036208050116,1.451e-06,8.85802935,-75.73195635968354,-75.73195635940276,-75.73195989010947,-75.73196027477728
340000,20708533,20708287,1176225769,1176229934,2008.739386849,2276.017855805,267.2784689560001,0.13305781262907643,2.07e-06,9.208309562,-75.7319565547032,-75.73195655462847,-75.7319599149856,-75.73196028279742
350000,21314740,21315024,1179492422,1179492364,2066.467988798,2346.910392772,280.4424039739997,0.13571098390792122,1.76e-06,9.554172279,-75.73195673619325,-75.73195673569393,-75.73195993876753,-75.73196028987952
360000,21921994,21921845,1182493298,1182479776,2124.330692616,2417.90505302,293.57436040400034,0.13819616758560277,1.69e-06,9.655938172,-75.73195690424521,-75.73195690405404,-75.7319599597321,-75.73196029642415
370000,22528858,22528716,1185206469,1185206402,2182.444441722,2489.264005452,306.81956373,0.14058528036934226,1.891e-06,10.000767964,-75.73195706057324,-75.73195706043244,-75.73195997974916,-75.73196030237739
380000,23135528,23135303,1187696203,1187692527,2240.207693971,2560.936137559,320.7284435880001,0.14316906617683994,2.03e-06,10.353377392,-75.73195720671363,-75.73195720659137,-75.73195999866832,-75.73196030810426
390000,23742537,23742406,1189969534,1189970320,2298.008819157,2632.761796799,334.75297764200013,0.14567088465952915,1.79e-06,10.476010052,-75.73195734330548,-75.73195734309705,-75.7319600161298,-75.73196031333143
400000,24349190,24348846,1192053131,1192056290,2355.615621861,2704.579967761,348.9643458999999,0.1481414635993578,1.7e-06,10.516639823,-75.7319574710192,-75.73195747122452,-75.73196003235455,-75.73196031840061
410000,24955710,24955640,1193961115,1193956989,2413.335823345,2779.822647286,366.48682394100024,0.1518590245070128,1.6e-06,10.924323204,-75.73195759133579,-75.73195759110858,-75.73196004799794,-75.73196032306343
420000,25562689,25562379,1195682731,1195673534,2471.050936556,2852.48063932,381.429702764,0.15435930401969514,2.04e-06,11.54175405,-75.7319577037257,-75.73195770357988,-75.731960062132,-75.73196032717806
430000,26168986,26168941,1197214374,1197209353,2529.00616601,2924.944725183,395.93855917300016,0.15655895366901,1.65e-06,11.302569438,-75.73195780966634,-75.73195780947496,-75.73196007595739,-75.73196033127772
440000,26775777,26775753,1198594797,1198595636,2586.963661894,2997.662205713,410.69854381899995,0.15875698212100678,1.78e-06,11.639556778,-75.73195790910495,-75.73195790891432,-75.73196008867156,-75.73196033475641
450000,27382083,27381637,1199853014,1199849153,2644.831317575,3070.893023106,426.0617055309999,0.16109220376354608,1.77e-06,12.225238718,-75.73195800312514,-75.73195800299746,-75.7319601007395,-75.73196033841296
460000,27988354,27987954,1200987144,1200985386,2702.69476742,3144.192882802,441.4981153819999,0.1633547823099,1.99e-06,12.089273122,-75.73195809186342,-75.73195809190084,-75.73196011224597,-75.73196034189095
470000,28594584,28594241,1202025903,1202024773,2760.347924401,3218.245286625,457.89736222400006,0.1658839301293385,1.64e-06,12.775545461,-75.73195817584549,-75.73195817585363,-75.7319601230085,-75.73196034488906
480000,29200330,29199800,1202973336,1202969141,2818.080110603,3292.498361226,474.41825062299995,0.16834803554306557,1.56e-06,13.028787678,-75.73195825530418,-75.7319582552948,-75.7319601334251,-75.7319603479678
490000,29806286,29805936,1203849274,1203846619,2875.706084317,3367.203788682,491.49770436499966,0.17091374777326512,1.71e-06,13.422647,-75.73195833061864,-75.73195833052243,-75.73196014322448,-75.73196035070352
500000,30412033,30411653,1204656730,1204654804,2933.64762612,3442.022471958,508.37484583800006,0.17329103922081102,1.691e-06,13.588385319,-75.73195840197783,-75.7319584019019,-75.73196015248641,-75.73196035326751
510000,31018079,31017401,1205400138,1205397771,2991.413738515,3517.055008923,525.6412704079999,0.17571667323722967,1.599e-05,13.763164234,-75.73195846953347,-75.73195846957447,-75.73196016115732,-75.7319603557863
520000,31623977,31623848,1206088548,1206087723,3049.201130436,3592.316144932,543.1150144960002,0.1781171497920641,2.12e-06,13.950792308,-75.73195853382396,-75.73195853368097,-75.73196016955862,-75.73196035803964
530000,32230030,32229859,1206736764,1206735323,3106.843113816,3667.811331828,560.9682180120003,0.18055891381106384,1.68e-06,14.1760829,-75.7319585948832,-75.73195859479539,-75.73196017735884,-75.73196036023695
540000,32835929,32835582,1207341098,1207340049,3164.461619862,3743.705512475,579.2438926129998,0.1830465849158443,1.53e-06,14.563225371,-75.73195865298419,-75.73195865297097,-75.73196018484333,-75.7319603623193
550000,33441701,33441120,1207909145,1207906792,3222.141854165,3820.00065016,597.858795995,0.18554701284246586,1.55e-06,14.962459753,-75.73195870835363,-75.73195870847006,-75.73196019196392,-75.73196036442081
560000,34047117,34047029,1208438290,1208436675,3279.997724961,3896.995158508,616.9974335469997,0.18810910411663043,1.66e-06,15.166325373,-75.73195876134932,-75.73195876125706,-75.7319601989801,-75.7319603662698
570000,34653084,34653017,1208936272,1208935928,3337.869766117,3973.822507774,635.9527416569999,0.19052652925905328,1.52e-06,15.459356768,-75.73195881166639,-75.73195881156805,-75.73196020543544,-75.73196036796668
580000,35258724,35258175,1209401417,1209399893,3395.611032638,4050.86873745,655.2577048120002,0.19297195659743754,1.61e-06,15.633993009,-75.73195885965106,-75.73195885976217,-75.73196021156429,-75.73196036977593
590000,35863474,35863625,1209842886,1209840997,3453.374191185,4128.243903508,674.8697123229995,0.19542328023579247,1.69e-06,16.027757514,-75.73195890585073,-75.73195890564233,-75.73196021775742,-75.73196037132813
600000,36468860,36468543,1210271378,1210268349,3511.027763377,4205.791885672,694.7641222949997,0.19788055495942788,1.69e-06,16.10394945,-75.73195894981176,-75.73195894978538,-75.73196022349133,-75.73196037303413
610000,37074125,37073877,1210689239,1210687211,3568.699968527,4283.579243823,714.8792752960003,0.20031924274964213,1.79e-06,16.313949367,-75.7319589919823,-75.73195899199233,-75.73196022900862,-75.73196037451802
620000,37679555,37679180,1211097876,1211097361,3626.387049163,4361.639412182,735.2523630190003,0.2027506587275902,1.77e-06,16.551035683,-75.73195903229443,-75.73195903230192,-75.73196023425245,-75.73196037588706
630000,38284735,38284132,1211497934,1211496106,3684.028931102,4439.947151041,755.9182199390002,0.20518791629382865,1.54e-06,16.802638801,-75.73195907089627,-75.73195907089088,-75.73196023927623,-75.73196037730075
640000,38889567,38889222,1211896904,1211895523,3741.710517025,4518.793061562,777.0825445369996,0.2076810969211084,2e-06,17.328965858,-75.73195910802069,-75.7319591080277,-75.73196024419343,-75.73196037860828
650000,39494147,39494137,1212291578,1212290493,3799.298288931,4597.727218959,798.4289300280002,0.2101516831026848,1.77e-06,17.409961264,-75.7319591436273,-75.73195914356866,-75.73196024890034,-75.73196037984495
660000,40099420,40099019,1212682293,1212680532,3856.988139668,4676.895831481,819.9076918129999,0.21257718772336584,1.35e-06,17.624801728,-75.73195917767947,-75.73195917768307,-75.7319602533104,-75.73196038103569
670000,40704176,40704095,1213068886,1213068118,3914.626037901,4756.69136862,842.0653307189996,0.21510747707857944,1.7e-06,18.145770015,-75.73195921043795,-75.73195921036996,-75.73196025769481,-75.73196038212377
680000,41309118,41308893,1213452459,1213451537,3972.1397031,4836.175699512,864.0359964120003,0.21752407039905358,1.85e-06,17.838935513,-75.73195924192053,-75.73195924184115,-75.73196026176848,-75.73196038321052
690000,41913858,41913498,1213831417,1213829242,4029.726129124,4916.684460275,886.9583311509996,0.22010387374484194,1.869e-06,18.93386151,-75.73195927214977,-75.73195927212788,-75.7319602657161,-75.73196038429249
700000,42519095,42518517,1214202535,1214200614,4087.17767886,4997.300717168,910.1230383080001,0.22267762985088835,1.77e-06,18.966225932,-75.73195930122975,-75.7319593012058,-75.7319602694349,-75.73196038522708
710000,43123444,43123313,1214565611,1214564101,4144.637394034,5078.024239435,933.3868454009998,0.22520349952557103,1.46e-06,18.999159133,-75.73195932933905,-75.73195932924158,-75.73196027316757,-75.7319603861477
720000,43727851,43727448,1214911893,1214910161,4202.168254176,5159.367046882,957.198792706,0.22778687925091098,1.75e-06,19.559891846,-75.73195935629266,-75.73195935627426,-75.73196027668516,-75.73196038713638
730000,44331850,44331801,1215240945,1215239165,4259.759142029,5240.391691735,980.6325497059997,0.23020845005779053,1.89e-06,19.239793373,-75.73195938239817,-75.73195938224727,-75.7319602802276,-75.73196038797306
740000,44936521,44935834,1215557793,1215555367,4317.333953303,5322.011753976,1004.6778006730001,0.23270791917877137,1.69e-06,19.792781604,-75.73195940740978,-75.73195940737284,-75.73196028347517,-75.73196038889284
750000,45540585,45540128,1215855730,1215854348,4374.843876177,5404.343916584,1029.5000404069997,0.2353226925452339,1.73e-06,20.465274235,-75.73195943159932,-75.73195943158511,-75.7319602866754,-75.73196038971466
760000,46144587,46144417,1216137239,1216135954,4432.332074211,5486.520861195,1054.1887869840002,0.23784066025144485,1.76e-06,20.411781046,-75.73195945497581,-75.73195945485952,-75.7319602897958,-75.73196039044906
770000,46748976,46748461,1216403594,1216402198,4489.840628629,5569.246013482,1079.4053848530002,0.2404106234796586,2.11e-06,20.847439144,-75.73195947738435,-75.73195947737015,-75.73196029270298,-75.73196039124387
780000,47352969,47352571,1216656060,1216654932,4547.410458779,5652.083809763,1104.6733509840005,0.24292360696215012,1.55e-06,20.985082632,-75.73195949911866,-75.73195949907529,-75.73196029554825,-75.731960391929
790000,47957133,47956450,1216891789,1216890598,4605.046610111,5734.696864839,1129.6502547280006,0.24530701866246077,1.82e-06,20.711491891,-75.73195952010886,-75.73195952014301,-75.73196029829394,-75.7319603926732
800000,48561442,48560459,1217110681,1217109550,4662.488949404,5818.106845726,1155.617896322,0.24785429174469598,1.64e-06,21.539042126,-75.73195954040685,-75.7319595404376,-75.73196030092306,-75.73196039331599
