iteration,stored_determinants,stored_residual_entries,stored_wavefunction_entries,variational_energy,corrected_energy,raw_error,corrected_error,raw_wall_seconds,corrected_wall_seconds,correction_seconds,interval_total_seconds,interval_correction_overhead,cumulative_correction_overhead,interval_end_to_end_overhead,cumulative_end_to_end_overhead,hamiltonian_columns,status
10000,598226,241089425,241089425,-75.73146913473079,-75.73193074775583,0.0004912399692074132,2.962694416908107e-05,63.500053591,66.516360055,0.26288673100000004,66.516360055,0.003952211618053489,0.003952211618053489,0.045346835898806455,0.045346835898806455,639937,unchecked
20000,1209981,373728376,373728376,-75.73174163463752,-75.73194834408284,0.00021874006247912803,1.2030617156710832e-05,126.135395128,131.387622875,0.546413973,64.87126282,0.008423051274894237,0.006159641877149687,0.034467053450216716,0.03997505725479856,1279937,unchecked
30000,1821816,475160631,475160631,-75.73182882960378,-75.73195358156943,0.00013154509620960653,6.7931305665069885e-06,187.582495824,195.470265722,0.818895194,64.08264284699999,0.01277873629455556,0.00832963464793995,0.04112723873284142,0.040352786490903236,1919937,unchecked
40000,2432521,558355655,558355655,-75.7318699913447,-75.73195591711966,9.038335529965025e-05,4.457580331518329e-06,248.914207363,259.888441967,1.100508144,64.41817624500001,0.01708381404363988,0.010499520568700335,0.047912947647902084,0.04222671281931608,2559937,unchecked
50000,3043007,628670016,628670016,-75.73189325324446,-75.73195720065749,6.712145552967286e-05,3.1740425043835785e-06,310.299057236,324.608435329,1.319074188,64.71999336199997,0.02038124726963412,0.012469725951198591,0.0515318886135451,0.04408196625727547,3199937,unchecked
60000,3653861,689007826,689007826,-75.73190798450824,-75.73195798204023,5.239019175462545e-05,2.392659766314864e-06,371.307067411,388.676630618,1.616701872,64.06819528900002,0.02523407854251787,0.014573760436775982,0.04776449688017736,0.04468898266248271,3839937,unchecked
70000,4264835,741586253,741586253,-75.73191801324778,-75.73195848550036,4.23614522162552e-05,1.8891996376169118e-06,432.186556066,453.130984002,1.91517453,64.454353384,0.02971365671128459,0.01672729276876495,0.05546351086174155,0.046221575384276896,4479937,unchecked
80000,4875402,788175178,788175178,-75.73192522959808,-75.73195884543026,3.514510191848785e-05,1.5292697383983977e-06,492.911273543,517.615348143,2.139044289,64.48436414100001,0.03317151866959276,0.018775909477697802,0.058303229225913515,0.04772670418029238,5119937,unchecked
90000,5486111,829393589,829393589,-75.73193063668707,-75.73195911765491,2.973801292682765e-05,1.2570450849125336e-06,553.793956152,582.551126788,2.396684749,64.93577864500003,0.036908539467933855,0.020797116532587173,0.062416992920930184,0.04936420052014641,5759937,unchecked
100000,6096777,866078878,866078878,-75.731934810963,-75.73195931650794,2.5563736997469277e-05,1.0581920548702328e-06,614.329724768,648.349750536,2.713646355,65.79862374799995,0.04124168866195298,0.02287196071679002,0.07998427371605756,0.05247171875962803,6399937,unchecked
110000,6707056,898794735,898794735,-75.73193811506532,-75.73195947315678,2.2259634675947382e-05,9.01543216969003e-07,674.801437923,713.629735155,2.955211841,65.27998461900006,0.04526979989728538,0.024920825170124495,0.07365613659474753,0.05440958429733394,7039937,unchecked
120000,7317005,928047247,928047247,-75.73194078335506,-75.73195959992196,1.959134493745296e-05,7.747780301770035e-07,735.271844292,779.221774007,3.301289409,65.59203885199997,0.05033064174829107,0.02705973059065285,0.07808314198856194,0.05640233779530555,7679937,unchecked
130000,7926900,954591549,954591549,-75.73194297535149,-75.73195969979602,1.739934850775171e-05,6.749039727083073e-07,795.677479521,845.018971185,3.517265416,65.79719717800003,0.05345615872488917,0.02911508206318567,0.08194212185686713,0.05839098688495327,8319937,unchecked
140000,8536935,978507385,978507385,-75.73194479646627,-75.73195977913862,1.557823372877465e-05,5.955613744390575e-07,855.985228884,911.128990529,3.774669335,66.11001934399997,0.05709678158402449,0.031145388107477613,0.0877668776771671,0.06052245315230686,8959937,unchecked
150000,9146231,1000260050,1000260050,-75.73194633951945,-75.73195985119706,1.4035180541327463e-05,5.235029334471619e-07,916.207841983,977.250038775,3.942806313,66.12104824599999,0.05963012410709205,0.03307267439918859,0.0892066188221209,0.06246323291889298,9599937,unchecked
160000,9756324,1019896913,1019896913,-75.73194764543541,-75.73195990781606,1.2729264582844735e-05,4.668839324040164e-07,976.413089489,1043.652461938,4.303236751,66.40242316299998,0.06480541742334792,0.03509167124656837,0.09332755284829912,0.0644269763175191,10239937,unchecked
170000,10365835,1037724493,1037724493,-75.73194877347954,-75.73195995695393,1.1601220450074834e-05,4.1774606529543235e-07,1036.638861905,1110.330039174,4.616207894,66.67757723599993,0.06923178803664841,0.03714185469995856,0.09676123649730305,0.06636871440839372,10879937,unchecked
180000,10975736,1053864158,1053864158,-75.73194975034434,-75.73195999874685,1.0624355653021667e-05,3.7595314950067404e-07,1096.486765783,1177.224130983,4.962860519,66.89409180899997,0.07418981833508193,0.03924705269541166,0.10533348671686545,0.068582832338463,11519937,unchecked
190000,11585026,1068415446,1068415446,-75.73195060493896,-75.73196003636875,9.769761035727242e-06,3.3833124746251997e-07,1156.274453679,1244.354411621,5.140764977,67.13028063800016,0.0765789287359241,0.041261028209090264,0.10937825184427559,0.07078365867426761,12159937,unchecked
200000,12194514,1081415598,1081415598,-75.73195135605789,-75.73196006796212,9.018642103342245e-06,3.067378742116489e-07,1215.934209934,1313.181859694,5.412945702,68.82744807299991,0.07864516052169929,0.043220432694086604,0.13319819453826964,0.0740549749770842,12799937,unchecked
210000,12803427,1093032206,1093032206,-75.73195202165702,-75.73196009714749,8.35304297197581e-06,2.7755250187055935e-07,1275.769428298,1380.370731327,5.748059504,67.18887163299996,0.0855507670287594,0.04528084105775869,0.10944748870269784,0.07577768830873634,13439937,unchecked
220000,13412314,1103576120,1103576120,-75.73195261473714,-75.73196012189398,7.759962855402591e-06,2.528060178974556e-07,1335.436240662,1447.823240326,5.928796322,67.45250899899997,0.08789586050962016,0.047266228433100174,0.11542486336743159,0.07762480704391385,14079937,unchecked
230000,14020785,1113089548,1113089548,-75.73195314558154,-75.73196014451666,7.229118452301009e-06,2.3018333195068408e-07,1394.981630411,1515.451160216,6.237152688,67.62791989000016,0.09222748087099246,0.04927265137687255,0.11951469384459601,0.07949416844804774,14719937,unchecked
240000,14629530,1121720695,1121720695,-75.73195362053703,-75.73196016380646,6.754162967581578e-06,2.108935319711236e-07,1454.390657088,1583.377611741,6.561567574,67.92645152499995,0.09659812085995766,0.051302900626895714,0.12539187101309462,0.08146316690127552,15359937,unchecked
250000,15237731,1129534054,1129534054,-75.731954050227,-75.73196018193678,6.3244729915368225e-06,1.9276320983863116e-07,1513.835673009,1651.37534898,6.688053047,67.99773723899989,0.09835699419662583,0.05324042009668197,0.1257794989256562,0.08328795513143251,15999937,unchecked
260000,15846306,1136698966,1136698966,-75.73195443848812,-75.73196019781302,5.936211877610731e-06,1.7688697084849991e-07,1573.043237128,1719.651228985,6.966434525,68.27588000500009,0.10203361017814525,0.055177672217874854,0.13281873313585751,0.08525449194923856,16639937,unchecked
270000,16454568,1143233712,1143233712,-75.73195479086245,-75.73196021183819,5.583837548783777e-06,1.6286180937186145e-07,1632.247559388,1788.083927971,7.188829129,68.4326989860001,0.10504962153356956,0.05708634777945137,0.13485332104011036,0.08715271478326694,17279937,unchecked
280000,17062517,1149246042,1149246042,-75.7319551118292,-75.73196022532241,5.262870800493147e-06,1.4937758407995716e-07,1691.64370019,1857.265741744,7.492046569,69.18181377299993,0.10829502958079387,0.05899383436487378,0.14144863277376318,0.0891751986974565,17919937,unchecked
290000,17670808,1154811720,1154811720,-75.73195540497517,-75.73196023643328,4.969724827219579e-06,1.3826671363403875e-07,1750.926830603,1926.371127612,7.703027886,69.10538586799998,0.11146783697458482,0.060876252631221935,0.14213444193425856,0.09107502417069917,18559937,unchecked
300000,18278515,1159893436,1159893436,-75.73195567403614,-75.73196024728223,4.700663851053832e-06,1.2741776345137623e-07,1810.151818264,1995.683532783,8.02695886,69.31240517099991,0.11580840168793413,0.06278410991910717,0.14553552838216277,0.09296650068574458,19199937,unchecked
310000,18885820,1164526981,1164526981,-75.73195592131003,-75.73196025768978,4.453389962577603e-06,1.170102166270226e-07,1869.102769172,2065.240047036,8.296484712,69.55651425299993,0.11927689018203176,0.06468676568117665,0.15247404874867526,0.09497069270252284,19839937,unchecked
320000,19493333,1168773538,1168773538,-75.7319561493629,-75.73196026699699,4.225337093544113e-06,1.0770300207241235e-07,1927.940133704,2135.151428189,8.586178339,69.9113811530001,0.12281517254264034,0.06659006731789258,0.1584007702088584,0.0970475872340133,20479937,unchecked
330000,20101162,1172657980,1172657980,-75.73195635940276,-75.73196027477728,4.015297236037441e-06,9.992271543524112e-08,1986.759084748,2205.394384139,8.85802935,70.24295595000012,0.12610558923951412,0.06848566758546733,0.16263559458021237,0.09913659931457411,21119937,unchecked
340000,20708287,1176229934,1176229934,-75.73195655462847,-75.73196028279742,3.820071526661195e-06,9.190257799218671e-08,2045.494360516,2276.017855805,9.208309562,70.62347166600011,0.13038596580962344,0.07040639678651504,0.1683320802214761,0.1012836936674501,21759937,unchecked
350000,21315024,1179492364,1179492364,-75.73195673569393,-75.73196028987952,3.6390060671465108e-06,8.482047064717335e-08,2104.206986781,2346.910392772,9.554172279,70.89253696699961,0.1347697894271643,0.07235060573720675,0.1718080805553509,0.10341400623495306,22399937,unchecked
360000,21921845,1182479776,1182479776,-75.73195690405404,-75.73196029642415,3.4706459501876452e-06,7.827584624919837e-08,2162.827546917,2417.90505302,9.655938172,70.9946602480004,0.13600935814425516,0.07421975750282515,0.1742962085990003,0.10549525333279927,23039937,unchecked
370000,22528716,1185206402,1185206402,-75.73195706043244,-75.73196030237739,3.3142675590625004e-06,7.232260657019651e-08,2221.438637294,2489.264005452,10.000767964,71.35895243200002,0.1401473483446946,0.07610968312282265,0.17864418717676442,0.10759219093330709,23679937,unchecked
380000,23135303,1187692527,1187692527,-75.73195720659137,-75.73196030810426,3.1681086198886987e-06,6.659573159595311e-08,2280.106171128,2560.936137559,10.353377392,71.67213210699992,0.14445471465176113,0.078022434501804,0.18144567338369613,0.10965910563419129,24319937,unchecked
390000,23742406,1189970320,1189970320,-75.73195734309705,-75.73196031333143,3.0316029437926773e-06,6.136856711691507e-08,2338.725436335,2632.761796799,10.476010052,71.82565923999982,0.14585330873184513,0.07987296167988815,0.18386735566006837,0.11168361711321526,24959937,unchecked
400000,24348846,1192056290,1192056290,-75.73195747122452,-75.73196031840061,2.903475476045969e-06,5.6299384709745937e-08,2397.296819777,2704.579967761,10.516639823,71.81817096199984,0.14643424751884207,0.08164044863269211,0.18444896803357236,0.11361584854094206,25599937,unchecked
410000,24955640,1193956989,1193956989,-75.73195759110858,-75.73196032306343,2.783591412480746e-06,5.1636561693158e-08,2455.765104128,2779.822647286,10.924323204,75.24267952500031,0.14518785445925353,0.08336051415410994,0.22293723827879955,0.11657489857289433,26239937,unchecked
420000,25562379,1195673534,1195673534,-75.73195770357988,-75.73196032717806,2.6711201144280494e-06,4.75219366080637e-08,2514.291618448,2852.48063932,11.54175405,72.65799203400002,0.15885044063148734,0.08528338311280972,0.19449309454336855,0.11855962007602641,26879937,unchecked
430000,26168941,1197209353,1197209353,-75.73195780947496,-75.73196033127772,2.5652250315033598e-06,4.34222755529845e-08,2572.703701904,2924.944725183,11.302569438,72.46408586300004,0.1559747743091459,0.08703472801766284,0.1939167829090777,0.12042655720851689,27519937,unchecked
440000,26775753,1198595636,1198595636,-75.73195790891432,-75.73196033475641,2.465785669869547e-06,3.994358621639549e-08,2630.993113222,2997.662205713,11.639556778,72.71748052999965,0.16006545734485522,0.08880631209668974,0.19841266648460568,0.12231834920965917,28159937,unchecked
450000,27381637,1199849153,1199849153,-75.73195800299746,-75.73196033841296,2.3717025356972954e-06,3.6287033822191006e-08,2689.445618552,3070.893023106,12.225238718,73.23081739300005,0.1669411752212475,0.09066957462340396,0.20180454881024965,0.12421383671912865,28799937,unchecked
460000,27987954,1200985386,1200985386,-75.73195809190084,-75.73196034189095,2.282799158592752e-06,3.280904081748304e-08,2747.95393246,3144.192882802,12.089273122,73.29985969600011,0.16492900766984275,0.09240076804133374,0.20179500819436155,0.1260224690760336,29439937,unchecked
470000,28594241,1202024773,1202024773,-75.73195817585363,-75.73196034488906,2.198846360101925e-06,2.9810934165652725e-08,2806.340344071,3218.245286625,12.775545461,74.05240382300008,0.17252033426944635,0.09424433369405308,0.21155278428834054,0.12799053703764396,30079937,unchecked
480000,29199800,1202969141,1202969141,-75.7319582552948,-75.7319603479678,2.1194051953443704e-06,2.6732195124168356e-08,2864.680285374,3292.498361226,13.028787678,74.25307460099975,0.1754646221454186,0.09607602971204239,0.2143094192867986,0.12993721755193122,30719937,unchecked
490000,29805936,1203846619,1203846619,-75.73195833052243,-75.73196035070352,2.044177563220728e-06,2.3996477693799534e-08,2923.006135291,3367.203788682,13.422647,74.70542745600005,0.1796743216268411,0.0979307574101634,0.2192555226144331,0.1319188505560778,31359937,unchecked
500000,30411653,1204654804,1204654804,-75.7319584019019,-75.73196035326751,1.9727980884454155e-06,2.1432484231809212e-08,2981.3648405,3442.022471958,13.588385319,74.81868327600023,0.1816175415554096,0.09974984344122827,0.2199982323436642,0.13383341776846516,31999937,unchecked
510000,31017401,1205397771,1205397771,-75.73195846957447,-75.7319603557863,1.905125529333418e-06,1.891369549866795e-08,3039.669114649,3517.055008923,13.763164234,75.03253696499996,0.18342928002581108,0.10153505305632204,0.22294678405719892,0.13573455435381032,32639937,unchecked
520000,31623848,1206087723,1206087723,-75.73195853368097,-75.73196035803964,1.8410190278927985e-06,1.6660351320751943e-08,3098.003673549,3592.316144932,13.950792308,75.26113600899998,0.18536515720851884,0.10329134304186466,0.2249046188590118,0.13760271964937462,33279937,unchecked
530000,32229859,1206735323,1206735323,-75.73195859479539,-75.73196036023695,1.77990460770161e-06,1.4463040542977978e-08,3156.343256141,3667.811331828,14.1760829,75.49518689600018,0.18777465799943685,0.10503027753856811,0.22724103362553477,0.1394477603710575,33919937,unchecked
540000,32835582,1207340049,1207340049,-75.73195865297097,-75.7319603623193,1.7217290206872349e-06,1.2380695579849998e-08,3214.512905509,3743.705512475,14.563225371,75.89418064699976,0.19188856440438706,0.10679111008592447,0.23354269231049807,0.14135529763294483,34559937,unchecked
550000,33441120,1207906792,1207906792,-75.73195870847006,-75.73196036442081,1.6662299344716303e-06,1.0279180173711211e-08,3272.729259217,3820.00065016,14.962459753,76.2951376850001,0.19611288749193348,0.10857509337010923,0.2369585339978279,0.143264737643455,35199937,unchecked
560000,34047029,1208436675,1208436675,-75.73195876125706,-75.7319603662698,1.613442933035003e-06,8.430191655861563e-09,3330.911228004,3896.995158508,15.166325373,76.99450834799973,0.19697931317973033,0.11032173127015124,0.2443361216876805,0.1452616458268145,35839937,unchecked
570000,34653017,1208935928,1208935928,-75.73195881156805,-75.73196036796668,1.5631319456588244e-06,6.733316126883437e-09,3389.100541372,3973.822507774,15.459356768,76.82734926600006,0.20122205068503565,0.11207914005587738,0.24259636803906057,0.1471434532513988,36479937,unchecked
580000,35258175,1209399893,1209399893,-75.73195885976217,-75.73196036977593,1.514937821411877e-06,4.924061158817494e-09,3447.269329692,4050.86873745,15.633993009,77.04622967600017,0.20291704181690767,0.11380684793682243,0.24501447293896939,0.14900492878916693,37119937,unchecked
590000,35863625,1209840997,1209840997,-75.73195890564233,-75.73196037132813,1.4690576648490605e-06,3.3718663416948402e-09,3505.43904508,4128.243903508,16.027757514,77.37516605799965,0.207143432842338,0.11555624402996847,0.24821207692922365,0.15086435612459026,37759937,unchecked
600000,36468543,1210268349,1210268349,-75.73195894978538,-75.73196037303413,1.424914614744921e-06,1.6658674439895549e-09,3563.664101812,4205.791885672,16.10394945,77.54798216400013,0.20766432601615636,0.11725456769723284,0.24917380043668755,0.15267702285687418,38399937,unchecked
610000,37073877,1210687211,1210687211,-75.73195899199233,-75.73196037451802,1.3827076656980353e-06,1.8196999462816166e-10,3621.921954611,4283.579243823,16.313949367,77.78735815100026,0.20972494444831868,0.11893377704653277,0.2510627152819589,0.15446365096808287,39039937,unchecked
620000,37679180,1211097361,1211097361,-75.73195903230192,-75.73196037588706,1.3423980789184498e-06,1.1870611160702538e-09,3680.036209805,4361.639412182,16.551035683,78.06016835900027,0.21202920812163067,0.12059990400853679,0.25551973028380415,0.15627224948336896,39679937,unchecked
630000,38284132,1211496106,1211496106,-75.73195907089088,-75.73196037730075,1.3038091140060715e-06,2.600756943138549e-09,3738.057048857,4439.947151041,16.802638801,78.30773885899998,0.21457188070842703,0.12225729603622203,0.25906634647602567,0.15808523802348265,40319937,unchecked
640000,38889222,1211895523,1211895523,-75.7319591080277,-75.73196037860828,1.2666722994936208e-06,3.90828347462957e-09,3796.243199754,4518.793061562,17.328965858,78.8459105209995,0.219782684269778,0.1239589623726598,0.2620270282565511,0.15989886059492125,40959937,unchecked
650000,39494137,1212290493,1212290493,-75.73195914356866,-75.73196037984495,1.231131335543978e-06,5.144954684510594e-09,3854.325164277,4597.727218959,17.409961264,78.93415739700049,0.22056308495745824,0.1256174698599818,0.2641719828479854,0.16168903009655244,41599937,unchecked
660000,40099019,1212680532,1212680532,-75.73195917768307,-75.73196038103569,1.1970169282449206e-06,6.335696411952085e-09,3912.49000653,4676.895831481,17.624801728,79.16861252199942,0.2226236025432732,0.1272595506775546,0.2653042613720576,0.16344298707823493,42239937,unchecked
670000,40704095,1213068118,1213068118,-75.73195921036996,-75.73196038212377,1.1643300297237147e-06,7.423778924930957e-09,3970.654077669,4756.69136862,18.145770015,79.79553713899986,0.22740331935344918,0.12893950533371196,0.2710861631562036,0.1652487475089314,42879937,unchecked
680000,41308893,1213451537,1213451537,-75.73195924184115,-75.73196038321052,1.132858841401685e-06,8.5105256175666e-09,4028.875079836,4836.175699512,17.838935513,79.4843308920008,0.22443336079960996,0.13050898206028547,0.2675159806514825,0.1669295471952067,43519937,unchecked
690000,41913498,1213829242,1213829242,-75.73195927212788,-75.73196038429249,1.1025721136093125e-06,9.592497463017935e-09,4087.033203481,4916.684460275,18.93386151,80.50876076299937,0.23517765433922466,0.13222289011437577,0.2776174531340158,0.168742017816534,44159937,unchecked
700000,42518517,1214200614,1214200614,-75.7319593012058,-75.73196038522708,1.0734941895407246e-06,1.052708853421791e-08,4145.108871446,4997.300717168,18.966225932,80.61625689300035,0.23526552413830534,0.1338851697980591,0.2796035166693178,0.17053043111740973,44799937,unchecked
710000,43123313,1214564101,1214564101,-75.73195932924158,-75.7319603861477,1.045458418502676e-06,1.1447710335232841e-08,4203.280137922,5078.024239435,18.999159133,80.72352226699968,0.23536087870594546,0.13549829259175747,0.2793765083293373,0.1722607180012845,45439937,unchecked
720000,43727448,1214910161,1214910161,-75.73195935627426,-75.73196038713638,1.0184257348555548e-06,1.2436387919478875e-08,4261.470082826,5159.367046882,19.559891846,81.34280744700027,0.240462463245376,0.13715316231603328,0.28463318724382075,0.17403238728646625,46079937,unchecked
730000,44331801,1215239165,1215239165,-75.73195938224727,-75.73196038797306,9.924527262228366e-07,1.3273066201691108e-08,4319.553849655,5240.391691735,19.239793373,81.0246448529997,0.23745606547126635,0.13870400194481433,0.2831345705448133,0.17571927753650932,46719937,unchecked
740000,44935834,1215555367,1215555367,-75.73195940737284,-75.73196038889284,9.673271534893502e-07,1.4192849562277843e-08,4377.61497183,5322.011753976,19.792781604,81.6200622410006,0.24249897709655752,0.140295834643391,0.2886415351710628,0.1774510891375718,47359937,unchecked
750000,45540128,1215854348,1215854348,-75.73195943158511,-75.73196038971466,9.431148839667003e-07,1.5014663290457975e-08,4435.69587287,5404.343916584,20.465274235,82.33216260799963,0.24856961832084237,0.1419453252941544,0.29455392400494856,0.17923508545441846,47999937,unchecked
760000,46144417,1216135954,1216135954,-75.73195945485952,-75.73196039044906,9.198404740118349e-07,1.57490660512849e-08,4493.768869417,5486.520861195,20.411781046,82.17694461100018,0.24838817192124818,0.14353962305275375,0.2933176474022086,0.1809438106395484,48639937,unchecked
770000,46748461,1216402198,1216402198,-75.73195947737015,-75.73196039124387,8.973298406544927e-07,1.6543879155506147e-08,4551.879823098,5569.246013482,20.847439144,82.72515228700013,0.25200847103518814,0.14515081098484012,0.2975418953670295,0.1826757496295128,49279937,unchecked
780000,47352571,1216654932,1216654932,-75.73195949907529,-75.731960391929,8.756247069641176e-07,1.722899867218075e-08,4609.911386016,5652.083809763,20.985082632,82.83779628100001,0.2533273888746992,0.14673626329291403,0.2994554958808115,0.1843872912759764,49919937,unchecked
790000,47956450,1216890598,1216890598,-75.73195952014301,-75.7319603926732,8.545569869511382e-07,1.7973206922761165e-08,4668.014038936,5734.696864839,20.711491891,82.61305507599991,0.25070482954475487,0.14823401654690005,0.2966892113292601,0.1860050933891772,50559937,unchecked
800000,48560459,1217109550,1217109550,-75.7319595404376,-75.73196039331599,8.342623942780847e-07,1.861599230323918e-08,4726.105033662,5818.106845726,21.539042126,83.40998088699962,0.2582309922259807,0.1498109634614724,0.303548638805001,0.18769023000431623,51199937,unchecked
